case,profile,stage,disconnected_s,contacts,numerical_warnings,goal_error_m,arrival_s,checkpoint_error_m,initial_radio_m,success
open_16x16_4a_s03,nominal,executed,0.0,0,0,0.010728596451544704,43.23200000000687,0.13395938746260255,,True
open_16x16_4a_s03,position-s07,executed,0.0,0,0,0.010384190710036422,43.23000000000687,0.13397736000243526,0.9989999411461885,True
open_16x16_4a_s03,position-s19,executed,0.0,0,0,0.010456972068516554,43.23000000000687,0.13411811617431582,0.9962355015100894,True
open_16x16_4a_s03,dynamics,executed,0.0,0,0,0.01046946170366152,43.22600000000686,0.1337772297373736,1.0,True
open_16x16_4a_s03,combined-s07,executed,0.0,0,0,0.010323273024971219,43.23000000000687,0.13374345582586142,0.9989999411461885,True
open_16x16_4a_s03,combined-s19,executed,0.0,0,0,0.010611348001377743,43.22400000000686,0.13373025247028308,0.9962355015100894,True
corridor_16x16_4a_s01,nominal,executed,0.0,0,0,0.009952840836367572,53.23200000001909,0.13561513545944448,,True
corridor_16x16_4a_s01,position-s07,executed,0.0,0,0,0.009781131838386277,53.23200000001909,0.13555856809839925,0.9994848514108151,True
corridor_16x16_4a_s01,position-s19,executed,0.0,0,0,0.010127179799884258,53.23200000001909,0.1355200778009942,0.9997929429050485,True
corridor_16x16_4a_s01,dynamics,executed,0.0,0,0,0.01177765728987723,53.22800000001909,0.1352858922221915,1.0,True
corridor_16x16_4a_s01,combined-s07,executed,0.0,0,0,0.011327614078911313,53.22800000001909,0.13557409138176832,0.9994848514108151,True
corridor_16x16_4a_s01,combined-s19,executed,0.0,0,0,0.01018971143489815,53.23000000001909,0.13554432376428213,0.9997929429050485,True
warehouse_16x16_4a_s03,nominal,executed,0.0,0,0,0.010081560117048327,38.228000000000755,0.13668341459408498,,True
warehouse_16x16_4a_s03,position-s07,executed,0.0,0,0,0.010552960346560733,38.23200000000076,0.1366907792898169,0.9989999411461885,True
warehouse_16x16_4a_s03,position-s19,executed,0.0,0,0,0.010294372613601574,38.23400000000076,0.13676826288178473,0.9962355015100897,True
warehouse_16x16_4a_s03,dynamics,executed,0.0,0,0,0.010630878794705846,38.23000000000076,0.13627683885636155,1.0,True
warehouse_16x16_4a_s03,combined-s07,executed,0.0,0,0,0.010065839225901261,38.228000000000755,0.13626960137699332,0.9989999411461885,True
warehouse_16x16_4a_s03,combined-s19,executed,0.0,0,0,0.00967822783543383,38.228000000000755,0.13638459793059557,0.9962355015100897,True
formation_shift_16x16_4a_s01,nominal,executed,0.0,0,0,0.009635692099318083,40.690000000003764,0.13413191817091696,,True
formation_shift_16x16_4a_s01,position-s07,executed,0.0,0,0,0.009406882458559624,40.692000000003766,0.13420389900485194,0.9982982288392526,True
formation_shift_16x16_4a_s01,position-s19,executed,0.0,0,0,0.009421684995944944,40.68800000000376,0.13416116792589636,0.998271949535904,True
formation_shift_16x16_4a_s01,dynamics,executed,0.0,0,0,0.010520812621341307,40.68600000000376,0.13378188448455047,1.0,True
formation_shift_16x16_4a_s01,combined-s07,executed,0.0,0,0,0.009830739904339716,40.68600000000376,0.1338318664816833,0.9982982288392526,True
formation_shift_16x16_4a_s01,combined-s19,executed,0.0,0,0,0.00897746275694933,40.68600000000376,0.13389663565445056,0.998271949535904,True
open_20x20_4a_s41,nominal,executed,0.0,0,0,0.010708618370559454,60.73200000002826,0.146044126775281,,True
open_20x20_4a_s41,combined-s07,executed,0.0,0,0,0.010566688982381063,60.72600000002825,0.14570657106500515,0.9994848514108151,True
open_20x20_4a_s41,combined-s19,executed,0.0,0,0,0.011168653601096791,60.72800000002825,0.1456933654852343,0.9997929429050485,True
corridor_20x20_4a_s41,nominal,executed,0.0,0,0,0.010055379433817279,70.73000000001656,0.13972669093477333,,True
corridor_20x20_4a_s41,combined-s07,executed,0.0,0,0,0.01058627301301504,70.72800000001656,0.1392930760745599,0.9993353853077409,True
corridor_20x20_4a_s41,combined-s19,executed,0.0,0,0,0.01073019383824228,70.72400000001657,0.1393249116766374,0.9937721066978499,True
warehouse_20x20_4a_s41,nominal,executed,0.0,0,0,0.010903027145486124,75.7320000000049,0.15231736616549207,,True
warehouse_20x20_4a_s41,combined-s07,executed,0.0,0,0,0.010912196180285876,75.72800000000491,0.15165232285597657,0.9989999411461885,True
warehouse_20x20_4a_s41,combined-s19,executed,0.0,0,0,0.010162420338282168,75.7300000000049,0.15166802111688005,0.9962355015100897,True
formation_shift_20x20_4a_s41,nominal,executed,0.0,0,0,0.009433966034664357,60.6860000000282,0.15236742873374937,,True
formation_shift_20x20_4a_s41,combined-s07,executed,0.0,0,0,0.009198510060751912,60.688000000028204,0.15168955173862808,0.9982982288392526,True
formation_shift_20x20_4a_s41,combined-s19,executed,0.0,0,0,0.009272579685745647,60.688000000028204,0.15163881043281746,0.998271949535904,True
open_24x24_4a_s73,nominal,executed,0.0,0,0,0.01071671644226295,63.234000000031315,0.13764528209332844,,True
open_24x24_4a_s73,combined-s07,executed,0.0,0,0,0.010936134709222296,63.22800000003131,0.13715968748469096,0.9989999411461867,True
open_24x24_4a_s73,combined-s19,executed,0.0,0,0,0.010855603889998063,63.23200000003131,0.13729524694925574,0.9962355015100886,True
corridor_24x24_4a_s73,nominal,executed,0.0,0,0,0.010456896920247056,75.7340000000049,0.15231389052566385,,True
corridor_24x24_4a_s73,combined-s07,executed,0.0,0,0,0.009901307691299354,75.72600000000492,0.151745101448558,0.998999941146189,True
corridor_24x24_4a_s73,combined-s19,executed,0.0,0,0,0.010646167634458432,75.72600000000492,0.15176977060287455,0.996235501510089,True
warehouse_24x24_4a_s73,nominal,executed,0.0,0,0,0.010864132219228516,70.73000000001656,0.15234401361744696,,True
warehouse_24x24_4a_s73,combined-s07,executed,0.0,0,0,0.01081319115135171,70.72600000001657,0.1518151729087466,0.9989999411461885,True
warehouse_24x24_4a_s73,combined-s19,executed,0.0,0,0,0.011394229273579923,70.72400000001657,0.15179450660654123,0.9962355015100897,True
formation_shift_24x24_4a_s73,nominal,executed,0.0,0,0,0.009853469756271754,80.68999999999335,0.15231453190549488,,True
formation_shift_24x24_4a_s73,combined-s07,executed,0.0,0,0,0.010025852058526564,80.68999999999335,0.1516514615985698,0.9982982288392526,True
formation_shift_24x24_4a_s73,combined-s19,executed,0.0,0,0,0.010464696064722136,80.68999999999335,0.1517393514675344,0.998271949535904,True
