case,profile,before_checkpoint_mm,after_checkpoint_mm,success,before_all_step_mm,after_all_step_mm,contacts,disconnected_s,goal_error_mm
open_16x16_4a_s03,nominal,137.318835462467,133.95938746260256,True,243.19520363132798,151.73008793603188,0,0.0,10.728596451544705
open_16x16_4a_s03,position-s07,137.22780308576108,133.97736000243526,True,242.36492117363636,151.07929840465997,0,0.0,10.384190710036421
open_16x16_4a_s03,position-s19,137.2637230449621,134.11811617431582,True,242.1812667282867,152.21062015957625,0,0.0,10.456972068516553
open_16x16_4a_s03,dynamics,137.44770015911809,133.7772297373736,True,240.28003290901208,152.3845982387534,0,0.0,10.469461703661521
open_16x16_4a_s03,combined-s07,138.220170975453,133.74345582586142,True,242.90850169556938,154.60595197358242,0,0.0,10.323273024971218
open_16x16_4a_s03,combined-s19,137.81755040428143,133.7302524702831,True,240.64997942972244,154.03066737868375,0,0.0,10.611348001377744
corridor_16x16_4a_s01,nominal,135.22608656373276,135.61513545944447,True,134.5501622492641,134.94584132227592,0,0.0,9.95284083636757
corridor_16x16_4a_s01,position-s07,135.28883971115204,135.55856809839926,True,134.61277127628847,134.8895281442457,0,0.0,9.781131838386278
corridor_16x16_4a_s01,position-s19,135.32092213618853,135.52007780099422,True,134.63939355372597,134.83849713060283,0,0.0,10.127179799884258
corridor_16x16_4a_s01,dynamics,135.6481767907569,135.2858922221915,True,134.96760749401574,134.59100892741594,0,0.0,11.77765728987723
corridor_16x16_4a_s01,combined-s07,136.0400363569588,135.5740913817683,True,135.3603133923497,134.88428180615153,0,0.0,11.327614078911314
corridor_16x16_4a_s01,combined-s19,136.0547027897606,135.54432376428213,True,135.38253773830357,134.8636885577986,0,0.0,10.189711434898149
warehouse_16x16_4a_s03,nominal,136.68342614609844,136.68341459408498,True,143.01224482647808,143.01222820727725,0,0.0,10.081560117048328
warehouse_16x16_4a_s03,position-s07,136.68974818206257,136.6907792898169,True,143.0845725234355,143.09573762627352,0,0.0,10.552960346560733
warehouse_16x16_4a_s03,position-s19,136.7692843932219,136.76826288178472,True,143.09186681853276,143.0908450322772,0,0.0,10.294372613601574
warehouse_16x16_4a_s03,dynamics,136.27683885636154,136.27683885636154,True,166.68852855183127,174.33959872301753,0,0.0,10.630878794705847
warehouse_16x16_4a_s03,combined-s07,136.30253084529045,136.2696013769933,True,166.11817636109035,174.23374600222482,0,0.0,10.06583922590126
warehouse_16x16_4a_s03,combined-s19,136.3401651934811,136.38459793059556,True,168.42651972248726,175.6998456661369,0,0.0,9.67822783543383
formation_shift_16x16_4a_s01,nominal,134.13218529655094,134.13191817091698,True,136.40568795069453,136.40540737756896,0,0.0,9.635692099318083
formation_shift_16x16_4a_s01,position-s07,134.2026218125753,134.20389900485193,True,136.42699895463423,136.42629632518242,0,0.0,9.406882458559624
formation_shift_16x16_4a_s01,position-s19,134.15849390005062,134.16116792589636,True,136.43417132892714,136.42734478783927,0,0.0,9.421684995944943
formation_shift_16x16_4a_s01,dynamics,133.8031744546637,133.78188448455046,True,136.2489646394794,136.20977711157667,0,0.0,10.520812621341307
formation_shift_16x16_4a_s01,combined-s07,133.83718930279642,133.8318664816833,True,136.27969676070816,136.28505236646765,0,0.0,9.830739904339715
formation_shift_16x16_4a_s01,combined-s19,133.89964946151306,133.89663565445056,True,136.30876097333686,136.31021072345726,0,0.0,8.977462756949329
open_20x20_4a_s41,nominal,145.96414999438494,146.044126775281,True,210.52690979475642,151.10823198593678,0,0.0,10.708618370559455
open_20x20_4a_s41,combined-s07,145.5127738208464,145.70657106500514,True,211.59163921259008,158.64239665958908,0,0.0,10.566688982381063
open_20x20_4a_s41,combined-s19,145.41265028291235,145.6933654852343,True,209.28698398127526,159.08784621770005,0,0.0,11.168653601096791
corridor_20x20_4a_s41,nominal,139.82206469715948,139.72669093477333,True,227.42247413053343,139.23164193622853,0,0.0,10.05537943381728
corridor_20x20_4a_s41,combined-s07,139.49395304036074,139.2930760745599,True,232.25933884017766,150.44340681758064,0,0.0,10.58627301301504
corridor_20x20_4a_s41,combined-s19,139.3242495167864,139.3249116766374,True,229.2769255451212,151.61828204707476,0,0.0,10.73019383824228
warehouse_20x20_4a_s41,nominal,152.24467246966486,152.31736616549207,True,151.88036997431405,151.94941727544645,0,0.0,10.903027145486124
warehouse_20x20_4a_s41,combined-s07,151.65836431474716,151.65232285597656,True,151.29213925381367,151.2849858729479,0,0.0,10.912196180285875
warehouse_20x20_4a_s41,combined-s19,151.65766083053012,151.66802111688006,True,151.28426063417714,151.29745127891073,0,0.0,10.162420338282168
formation_shift_20x20_4a_s41,nominal,152.3355144961047,152.36742873374936,True,168.71383123112562,168.6984880317406,0,0.0,9.433966034664357
formation_shift_20x20_4a_s41,combined-s07,151.70863566831542,151.68955173862807,True,170.34362380617975,170.29845647097036,0,0.0,9.198510060751913
formation_shift_20x20_4a_s41,combined-s19,151.66034073062428,151.63881043281745,True,170.25820768582045,170.34156145231353,0,0.0,9.272579685745647
open_24x24_4a_s73,nominal,137.6269214268241,137.64528209332843,True,137.15992027148482,137.4809597606583,0,0.0,10.71671644226295
open_24x24_4a_s73,combined-s07,137.1930390109848,137.15968748469095,True,140.0300893989853,139.802825310741,0,0.0,10.936134709222296
open_24x24_4a_s73,combined-s19,137.28648355881145,137.29524694925573,True,139.07064919107333,138.6678979982196,0,0.0,10.855603889998063
corridor_24x24_4a_s73,nominal,152.29526524276292,152.31389052566385,True,151.92881206439841,151.95095907815005,0,0.0,10.456896920247056
corridor_24x24_4a_s73,combined-s07,151.7472972243625,151.745101448558,True,151.38141629771468,151.38225394854538,0,0.0,9.901307691299355
corridor_24x24_4a_s73,combined-s19,151.7705519712181,151.76977060287456,True,151.407749369358,151.40932865179892,0,0.0,10.646167634458433
warehouse_24x24_4a_s73,nominal,152.3378053866031,152.34401361744696,True,217.6451122648998,151.97331511881222,0,0.0,10.864132219228516
warehouse_24x24_4a_s73,combined-s07,151.82554514714096,151.8151729087466,True,215.9698465254286,168.96727100189156,0,0.0,10.81319115135171
warehouse_24x24_4a_s73,combined-s19,151.793505521253,151.79450660654123,True,213.92750419099235,169.03918996432034,0,0.0,11.394229273579922
formation_shift_24x24_4a_s73,nominal,589.8659108910562,152.31453190549487,True,590.3206184370734,151.94286816535467,0,0.0,9.853469756271753
formation_shift_24x24_4a_s73,combined-s07,151.68057130538767,151.6514615985698,True,252.5324379925718,151.28311168850405,0,0.0,10.025852058526564
formation_shift_24x24_4a_s73,combined-s19,151.74802951832135,151.7393514675344,True,258.0380219660914,151.36684867133502,0,0.0,10.464696064722137
